transaction_id,customer_id,date,amount,type,status
T000001,C0002,2026-01-15,49,subscription,successful
T000002,C0002,2026-02-15,49,subscription,successful
T000003,C0002,2026-03-15,49,subscription,successful
T000004,C0002,2026-04-15,49,subscription,successful
T000005,C0004,2026-04-05,49,subscription,successful
T000006,C0005,2026-02-05,199,subscription,successful
T000007,C0005,2026-03-05,199,subscription,successful
T000008,C0005,2026-04-05,199,subscription,successful
T000009,C0008,2026-01-18,49,subscription,successful
T000010,C0008,2026-02-18,49,subscription,successful
T000011,C0008,2026-03-18,49,subscription,successful
T000012,C0008,2026-04-18,49,subscription,successful
T000013,C0010,2026-01-14,49,subscription,successful
T000014,C0010,2026-02-14,49,subscription,successful
T000015,C0010,2026-03-14,49,subscription,successful
T000016,C0010,2026-04-14,49,subscription,successful
T000017,C0011,2026-03-28,49,subscription,successful
T000018,C0011,2026-04-28,49,subscription,successful
T000019,C0013,2026-04-25,199,subscription,successful
T000020,C0014,2026-03-11,49,subscription,successful
T000021,C0014,2026-04-11,49,subscription,successful
T000022,C0015,2026-01-12,199,subscription,successful
T000023,C0015,2026-02-12,199,subscription,successful
T000024,C0015,2026-03-12,199,subscription,successful
T000025,C0015,2026-04-12,199,subscription,successful
T000026,C0016,2026-03-17,199,subscription,successful
T000027,C0016,2026-04-17,199,subscription,successful
T000028,C0017,2026-02-24,49,subscription,successful
T000029,C0017,2026-03-24,49,subscription,successful
T000030,C0017,2026-04-24,49,subscription,successful
T000031,C0019,2026-01-04,199,subscription,successful
T000032,C0019,2026-02-04,199,subscription,successful
T000033,C0019,2026-03-04,199,subscription,successful
T000034,C0019,2026-04-04,199,subscription,successful
T000035,C0020,2026-01-12,49,subscription,successful
T000036,C0020,2026-02-12,49,subscription,successful
T000037,C0020,2026-03-12,49,subscription,successful
T000038,C0020,2026-04-12,49,subscription,successful
T000039,C0024,2026-03-19,49,subscription,successful
T000040,C0024,2026-04-19,49,subscription,successful
T000041,C0027,2026-01-26,49,subscription,successful
T000042,C0027,2026-02-26,49,subscription,successful
T000043,C0027,2026-03-26,49,subscription,successful
T000044,C0027,2026-04-26,49,subscription,successful
T000045,C0028,2026-04-02,49,subscription,successful
T000046,C0029,2026-03-25,199,subscription,successful
T000047,C0029,2026-04-25,199,subscription,successful
T000048,C0030,2026-03-31,49,subscription,successful
T000049,C0030,2026-04-30,49,subscription,successful
T000050,C0041,2026-04-14,49,subscription,successful
T000051,C0042,2026-01-21,49,subscription,successful
T000052,C0042,2026-02-21,49,subscription,successful
T000053,C0042,2026-03-21,49,subscription,successful
T000054,C0042,2026-04-21,49,subscription,successful
T000055,C0043,2026-03-31,49,subscription,successful
T000056,C0043,2026-04-30,49,subscription,successful
T000057,C0046,2026-02-05,199,subscription,successful
T000058,C0046,2026-03-05,199,subscription,successful
T000059,C0046,2026-04-05,199,subscription,successful
T000060,C0048,2026-01-28,49,subscription,successful
T000061,C0048,2026-02-28,49,subscription,successful
T000062,C0048,2026-03-28,49,subscription,successful
T000063,C0048,2026-04-28,49,subscription,successful
T000064,C0051,2026-01-14,49,subscription,successful
T000065,C0051,2026-02-14,49,subscription,successful
T000066,C0051,2026-03-14,49,subscription,successful
T000067,C0051,2026-04-14,49,subscription,successful
T000068,C0056,2026-04-19,49,subscription,successful
T000069,C0057,2026-02-14,49,subscription,successful
T000070,C0057,2026-03-14,49,subscription,successful
T000071,C0057,2026-04-14,49,subscription,successful
T000072,C0063,2026-02-28,49,subscription,successful
T000073,C0063,2026-03-28,49,subscription,successful
T000074,C0063,2026-04-28,49,subscription,successful
T000075,C0066,2026-04-29,49,subscription,successful
T000076,C0069,2026-03-12,49,subscription,successful
T000077,C0069,2026-04-12,49,subscription,successful
T000078,C0073,2026-03-21,49,subscription,successful
T000079,C0073,2026-04-21,49,subscription,successful
T000080,C0074,2026-04-24,49,subscription,successful
T000081,C0076,2026-02-16,199,subscription,successful
T000082,C0076,2026-03-16,199,subscription,successful
T000083,C0076,2026-04-16,199,subscription,successful
T000084,C0078,2026-01-25,199,subscription,successful
T000085,C0078,2026-02-25,199,subscription,successful
T000086,C0078,2026-03-25,199,subscription,successful
T000087,C0078,2026-04-25,199,subscription,successful
T000088,C0079,2026-04-01,49,subscription,successful
T000089,C0082,2026-03-26,199,subscription,successful
T000090,C0082,2026-04-26,199,subscription,successful
T000091,C0085,2026-02-07,49,subscription,successful
T000092,C0085,2026-03-07,49,subscription,successful
T000093,C0085,2026-04-07,49,subscription,successful
T000094,C0086,2026-01-11,49,subscription,successful
T000095,C0086,2026-02-11,49,subscription,successful
T000096,C0086,2026-03-11,49,subscription,successful
T000097,C0086,2026-04-11,49,subscription,successful
T000098,C0088,2026-01-30,199,subscription,successful
T000099,C0088,2026-02-28,199,subscription,successful
T000100,C0088,2026-03-28,199,subscription,successful
T000101,C0088,2026-04-28,199,subscription,successful
T000102,C0089,2026-04-21,199,subscription,successful
T000103,C0097,2026-01-21,49,subscription,successful
T000104,C0097,2026-02-21,49,subscription,successful
T000105,C0097,2026-03-21,49,subscription,successful
T000106,C0097,2026-04-21,49,subscription,successful
T000107,C0101,2026-03-27,49,subscription,successful
T000108,C0101,2026-04-27,49,subscription,successful
T000109,C0102,2026-02-04,49,subscription,successful
T000110,C0102,2026-03-04,49,subscription,successful
T000111,C0102,2026-04-04,49,subscription,successful
T000112,C0105,2026-03-29,199,subscription,successful
T000113,C0105,2026-04-29,199,subscription,successful
T000114,C0107,2026-01-10,49,subscription,successful
T000115,C0107,2026-02-10,49,subscription,successful
T000116,C0107,2026-03-10,49,subscription,successful
T000117,C0107,2026-04-10,49,subscription,successful
T000118,C0110,2026-01-22,199,subscription,successful
T000119,C0110,2026-02-22,199,subscription,successful
T000120,C0110,2026-03-22,199,subscription,successful
T000121,C0110,2026-04-22,199,subscription,successful
T000122,C0111,2026-03-10,49,subscription,successful
T000123,C0111,2026-04-10,49,subscription,successful
T000124,C0115,2026-03-01,199,subscription,successful
T000125,C0115,2026-04-01,199,subscription,successful
T000126,C0116,2026-02-18,49,subscription,successful
T000127,C0116,2026-03-18,49,subscription,successful
T000128,C0116,2026-04-18,49,subscription,successful
T000129,C0123,2026-03-29,49,subscription,successful
T000130,C0123,2026-04-29,49,subscription,successful
T000131,C0124,2026-02-11,199,subscription,successful
T000132,C0124,2026-03-11,199,subscription,successful
T000133,C0124,2026-04-11,199,subscription,successful
T000134,C0127,2026-04-10,49,subscription,successful
T000135,C0128,2026-01-08,199,subscription,successful
T000136,C0128,2026-02-08,199,subscription,successful
T000137,C0128,2026-03-08,199,subscription,successful
T000138,C0128,2026-04-08,199,subscription,successful
T000139,C0136,2026-01-09,49,subscription,successful
T000140,C0136,2026-02-09,49,subscription,successful
T000141,C0136,2026-03-09,49,subscription,successful
T000142,C0136,2026-04-09,49,subscription,successful
T000143,C0138,2026-04-27,49,subscription,successful
T000144,C0141,2026-04-02,49,subscription,successful
T000145,C0142,2026-02-10,49,subscription,successful
T000146,C0142,2026-03-10,49,subscription,successful
T000147,C0142,2026-04-10,49,subscription,successful
T000148,C0144,2026-03-25,49,subscription,successful
T000149,C0144,2026-04-25,49,subscription,successful
T000150,C0146,2026-02-20,49,subscription,successful
T000151,C0146,2026-03-20,49,subscription,successful
T000152,C0146,2026-04-20,49,subscription,successful
T000153,C0148,2026-04-28,49,subscription,successful
T000154,C0149,2026-03-24,49,subscription,successful
T000155,C0149,2026-04-24,49,subscription,successful
T000156,C0151,2026-01-19,49,subscription,successful
T000157,C0151,2026-02-19,49,subscription,successful
T000158,C0151,2026-03-19,49,subscription,successful
T000159,C0151,2026-04-19,49,subscription,successful
T000160,C0152,2026-02-03,49,subscription,successful
T000161,C0152,2026-03-03,49,subscription,successful
T000162,C0152,2026-04-03,49,subscription,successful
T000163,C0153,2026-01-18,199,subscription,successful
T000164,C0153,2026-02-18,199,subscription,successful
T000165,C0153,2026-03-18,199,subscription,successful
T000166,C0153,2026-04-18,199,subscription,successful
T000167,C0154,2026-02-01,49,subscription,successful
T000168,C0154,2026-03-01,49,subscription,successful
T000169,C0154,2026-04-01,49,subscription,successful
T000170,C0156,2026-03-13,49,subscription,successful
T000171,C0156,2026-04-13,49,subscription,successful
T000172,C0160,2026-03-16,49,subscription,successful
T000173,C0160,2026-04-16,49,subscription,successful
T000174,C0161,2026-02-24,199,subscription,successful
T000175,C0161,2026-03-24,199,subscription,successful
T000176,C0161,2026-04-24,199,subscription,successful
T000177,C0163,2026-03-16,49,subscription,successful
T000178,C0163,2026-04-16,49,subscription,successful
T000179,C0164,2026-02-21,49,subscription,successful
T000180,C0164,2026-03-21,49,subscription,successful
T000181,C0164,2026-04-21,49,subscription,successful
T000182,C0166,2026-01-29,49,subscription,successful
T000183,C0166,2026-02-28,49,subscription,successful
T000184,C0166,2026-03-28,49,subscription,successful
T000185,C0166,2026-04-28,49,subscription,successful
T000186,C0170,2026-01-12,199,subscription,successful
T000187,C0170,2026-02-12,199,subscription,successful
T000188,C0170,2026-03-12,199,subscription,successful
T000189,C0170,2026-04-12,199,subscription,successful
T000190,C0172,2026-01-07,49,subscription,successful
T000191,C0172,2026-02-07,49,subscription,successful
T000192,C0172,2026-03-07,49,subscription,successful
T000193,C0172,2026-04-07,49,subscription,successful
T000194,C0179,2026-03-29,49,subscription,successful
T000195,C0179,2026-04-29,49,subscription,successful
T000196,C0181,2026-03-18,199,subscription,successful
T000197,C0181,2026-04-18,199,subscription,successful
T000198,C0185,2026-03-18,49,subscription,successful
T000199,C0185,2026-04-18,49,subscription,successful
T000200,C0187,2026-03-09,49,subscription,successful
T000201,C0187,2026-04-09,49,subscription,successful
T000202,C0188,2026-02-02,199,subscription,successful
T000203,C0188,2026-03-02,199,subscription,successful
T000204,C0188,2026-04-02,199,subscription,successful
T000205,C0189,2026-03-12,49,subscription,successful
T000206,C0189,2026-04-12,49,subscription,successful
T000207,C0190,2026-04-21,199,subscription,successful
T000208,C0191,2026-01-02,49,subscription,successful
T000209,C0191,2026-02-02,49,subscription,successful
T000210,C0191,2026-03-02,49,subscription,successful
T000211,C0191,2026-04-02,49,subscription,successful
T000212,C0195,2026-03-29,49,subscription,successful
T000213,C0195,2026-04-29,49,subscription,successful
T000214,C0196,2026-04-24,49,subscription,successful
T000215,C0197,2026-03-10,49,subscription,successful
T000216,C0197,2026-04-10,49,subscription,successful
T000217,C0199,2026-02-04,49,subscription,successful
T000218,C0199,2026-03-04,49,subscription,successful
T000219,C0199,2026-04-04,49,subscription,successful
T000220,C0200,2026-04-09,49,subscription,successful
T000221,C0201,2026-03-24,199,subscription,successful
T000222,C0201,2026-04-24,199,subscription,successful
T000223,C0202,2026-02-13,49,subscription,successful
T000224,C0202,2026-03-13,49,subscription,successful
T000225,C0202,2026-04-13,49,subscription,successful
T000226,C0207,2026-02-28,49,subscription,successful
T000227,C0207,2026-03-28,49,subscription,successful
T000228,C0207,2026-04-28,49,subscription,successful
T000229,C0211,2026-04-03,199,subscription,successful
T000230,C0212,2026-02-03,199,subscription,successful
T000231,C0212,2026-03-03,199,subscription,successful
T000232,C0212,2026-04-03,199,subscription,successful
T000233,C0213,2026-03-06,49,subscription,successful
T000234,C0213,2026-04-06,49,subscription,successful
T000235,C0214,2026-04-08,49,subscription,successful
T000236,C0215,2026-01-23,49,subscription,successful
T000237,C0215,2026-02-23,49,subscription,successful
T000238,C0215,2026-03-23,49,subscription,successful
T000239,C0215,2026-04-23,49,subscription,successful
T000240,C0216,2026-03-06,199,subscription,successful
T000241,C0216,2026-04-06,199,subscription,successful
T000242,C0218,2026-01-14,199,subscription,successful
T000243,C0218,2026-02-14,199,subscription,successful
T000244,C0218,2026-03-14,199,subscription,successful
T000245,C0218,2026-04-14,199,subscription,successful
T000246,C0220,2026-03-22,49,subscription,successful
T000247,C0220,2026-04-22,49,subscription,successful
T000248,C0222,2026-04-18,49,subscription,successful
T000249,C0225,2026-03-19,199,subscription,successful
T000250,C0225,2026-04-19,199,subscription,successful
T000251,C0227,2026-01-20,49,subscription,successful
T000252,C0227,2026-02-20,49,subscription,successful
T000253,C0227,2026-03-20,49,subscription,successful
T000254,C0227,2026-04-20,49,subscription,successful
T000255,C0228,2026-02-17,49,subscription,successful
T000256,C0228,2026-03-17,49,subscription,successful
T000257,C0228,2026-04-17,49,subscription,successful
T000258,C0229,2026-04-08,49,subscription,successful
T000259,C0230,2026-01-21,199,subscription,successful
T000260,C0230,2026-02-21,199,subscription,successful
T000261,C0230,2026-03-21,199,subscription,successful
T000262,C0230,2026-04-21,199,subscription,successful
T000263,C0231,2026-03-11,199,subscription,successful
T000264,C0231,2026-04-11,199,subscription,successful
T000265,C0232,2026-04-10,199,subscription,successful
T000266,C0233,2026-04-29,199,subscription,successful
T000267,C0235,2026-04-28,49,subscription,successful
T000268,C0238,2026-02-11,49,subscription,successful
T000269,C0238,2026-03-11,49,subscription,successful
T000270,C0238,2026-04-11,49,subscription,successful
T000271,C0240,2026-01-03,49,subscription,successful
T000272,C0240,2026-02-03,49,subscription,successful
T000273,C0240,2026-03-03,49,subscription,successful
T000274,C0240,2026-04-03,49,subscription,successful
T000275,C0241,2026-01-15,49,subscription,successful
T000276,C0241,2026-02-15,49,subscription,successful
T000277,C0241,2026-03-15,49,subscription,successful
T000278,C0241,2026-04-15,49,subscription,successful
T000279,C0243,2026-02-16,49,subscription,successful
T000280,C0243,2026-03-16,49,subscription,successful
T000281,C0243,2026-04-16,49,subscription,successful
T000282,C0244,2026-04-23,199,subscription,successful
T000283,C0250,2026-01-31,49,subscription,successful
T000284,C0250,2026-02-28,49,subscription,successful
T000285,C0250,2026-03-28,49,subscription,successful
T000286,C0250,2026-04-28,49,subscription,successful
T000287,C0252,2026-03-14,199,subscription,successful
T000288,C0252,2026-04-14,199,subscription,successful
T000289,C0253,2026-01-11,49,subscription,successful
T000290,C0253,2026-02-11,49,subscription,successful
T000291,C0253,2026-03-11,49,subscription,successful
T000292,C0253,2026-04-11,49,subscription,successful
T000293,C0255,2026-04-04,199,subscription,successful
T000294,C0256,2026-03-04,49,subscription,successful
T000295,C0256,2026-04-04,49,subscription,successful
T000296,C0257,2026-04-15,49,subscription,successful
T000297,C0258,2026-01-09,49,subscription,successful
T000298,C0258,2026-02-09,49,subscription,successful
T000299,C0258,2026-03-09,49,subscription,successful
T000300,C0258,2026-04-09,49,subscription,successful
T000301,C0259,2026-04-08,49,subscription,successful
T000302,C0261,2026-04-09,49,subscription,successful
T000303,C0266,2026-03-12,49,subscription,successful
T000304,C0266,2026-04-12,49,subscription,successful
T000305,C0268,2026-02-03,49,subscription,successful
T000306,C0268,2026-03-03,49,subscription,successful
T000307,C0268,2026-04-03,49,subscription,successful
T000308,C0270,2026-04-22,49,subscription,successful
T000309,C0271,2026-03-19,49,subscription,successful
T000310,C0271,2026-04-19,49,subscription,successful
T000311,C0275,2026-03-11,49,subscription,successful
T000312,C0275,2026-04-11,49,subscription,successful
T000313,C0276,2026-04-07,49,subscription,successful
T000314,C0277,2026-04-04,49,subscription,successful
T000315,C0278,2026-03-30,199,subscription,successful
T000316,C0278,2026-04-30,199,subscription,successful
T000317,C0279,2026-01-26,49,subscription,successful
T000318,C0279,2026-02-26,49,subscription,successful
T000319,C0279,2026-03-26,49,subscription,successful
T000320,C0279,2026-04-26,49,subscription,successful
T000321,C0281,2026-02-09,199,subscription,successful
T000322,C0281,2026-03-09,199,subscription,successful
T000323,C0281,2026-04-09,199,subscription,successful
T000324,C0283,2026-03-27,49,subscription,successful
T000325,C0283,2026-04-27,49,subscription,successful
T000326,C0285,2026-02-17,199,subscription,successful
T000327,C0285,2026-03-17,199,subscription,successful
T000328,C0285,2026-04-17,199,subscription,successful
T000329,C0286,2026-02-26,49,subscription,successful
T000330,C0286,2026-03-26,49,subscription,successful
T000331,C0286,2026-04-26,49,subscription,successful
T000332,C0287,2026-04-26,199,subscription,successful
T000333,C0288,2026-03-08,199,subscription,successful
T000334,C0288,2026-04-08,199,subscription,successful
T000335,C0289,2026-02-27,49,subscription,successful
T000336,C0289,2026-03-27,49,subscription,successful
T000337,C0289,2026-04-27,49,subscription,successful
T000338,C0290,2026-01-16,199,subscription,successful
T000339,C0290,2026-02-16,199,subscription,successful
T000340,C0290,2026-03-16,199,subscription,successful
T000341,C0290,2026-04-16,199,subscription,successful
T000342,C0292,2026-01-29,49,subscription,successful
T000343,C0292,2026-02-28,49,subscription,successful
T000344,C0292,2026-03-28,49,subscription,successful
T000345,C0292,2026-04-28,49,subscription,successful
T000346,C0293,2026-01-09,199,subscription,successful
T000347,C0293,2026-02-09,199,subscription,successful
T000348,C0293,2026-03-09,199,subscription,successful
T000349,C0293,2026-04-09,199,subscription,successful
T000350,C0294,2026-02-13,49,subscription,successful
T000351,C0294,2026-03-13,49,subscription,successful
T000352,C0294,2026-04-13,49,subscription,successful
T000353,C0295,2026-01-03,49,subscription,successful
T000354,C0295,2026-02-03,49,subscription,successful
T000355,C0295,2026-03-03,49,subscription,successful
T000356,C0295,2026-04-03,49,subscription,successful
T000357,C0296,2026-03-17,49,subscription,successful
T000358,C0296,2026-04-17,49,subscription,successful
T000359,C0299,2026-03-17,49,subscription,successful
T000360,C0299,2026-04-17,49,subscription,successful
T000361,C0301,2026-01-01,49,subscription,successful
T000362,C0301,2026-02-01,49,subscription,successful
T000363,C0301,2026-03-01,49,subscription,successful
T000364,C0301,2026-04-01,49,subscription,successful
T000365,C0303,2026-04-01,49,subscription,successful
T000366,C0304,2026-03-22,49,subscription,successful
T000367,C0304,2026-04-22,49,subscription,successful
T000368,C0306,2026-01-30,199,subscription,successful
T000369,C0306,2026-02-28,199,subscription,successful
T000370,C0306,2026-03-28,199,subscription,successful
T000371,C0306,2026-04-28,199,subscription,successful
T000372,C0307,2026-01-09,49,subscription,successful
T000373,C0307,2026-02-09,49,subscription,successful
T000374,C0307,2026-03-09,49,subscription,successful
T000375,C0307,2026-04-09,49,subscription,successful
T000376,C0308,2026-04-26,49,subscription,successful
T000377,C0309,2026-01-05,49,subscription,successful
T000378,C0309,2026-02-05,49,subscription,successful
T000379,C0309,2026-03-05,49,subscription,successful
T000380,C0309,2026-04-05,49,subscription,successful
T000381,C0311,2026-02-12,49,subscription,successful
T000382,C0311,2026-03-12,49,subscription,successful
T000383,C0311,2026-04-12,49,subscription,successful
T000384,C0312,2026-01-10,199,subscription,successful
T000385,C0312,2026-02-10,199,subscription,successful
T000386,C0312,2026-03-10,199,subscription,successful
T000387,C0312,2026-04-10,199,subscription,successful
T000388,C0314,2026-01-31,49,subscription,successful
T000389,C0314,2026-02-28,49,subscription,successful
T000390,C0314,2026-03-28,49,subscription,successful
T000391,C0314,2026-04-28,49,subscription,successful
T000392,C0316,2026-03-27,199,subscription,successful
T000393,C0316,2026-04-27,199,subscription,successful
T000394,C0317,2026-03-04,49,subscription,successful
T000395,C0317,2026-04-04,49,subscription,successful
T000396,C0321,2026-04-03,49,subscription,successful
T000397,C0322,2026-04-30,49,subscription,successful
T000398,C0323,2026-04-23,49,subscription,successful
T000399,C0327,2026-02-01,49,subscription,successful
T000400,C0327,2026-03-01,49,subscription,successful
T000401,C0327,2026-04-01,49,subscription,successful
T000402,C0328,2026-04-11,199,subscription,successful
T000403,C0329,2026-03-02,49,subscription,successful
T000404,C0329,2026-04-02,49,subscription,successful
T000405,C0331,2026-02-22,49,subscription,successful
T000406,C0331,2026-03-22,49,subscription,successful
T000407,C0331,2026-04-22,49,subscription,successful
T000408,C0332,2026-01-25,49,subscription,successful
T000409,C0332,2026-02-25,49,subscription,successful
T000410,C0332,2026-03-25,49,subscription,successful
T000411,C0332,2026-04-25,49,subscription,successful
T000412,C0336,2026-02-25,49,subscription,successful
T000413,C0336,2026-03-25,49,subscription,successful
T000414,C0336,2026-04-25,49,subscription,successful
T000415,C0337,2026-02-15,49,subscription,successful
T000416,C0337,2026-03-15,49,subscription,successful
T000417,C0337,2026-04-15,49,subscription,successful
T000418,C0339,2026-02-22,199,subscription,successful
T000419,C0339,2026-03-22,199,subscription,successful
T000420,C0339,2026-04-22,199,subscription,successful
T000421,C0340,2026-03-01,49,subscription,successful
T000422,C0340,2026-04-01,49,subscription,successful
T000423,C0341,2026-04-21,49,subscription,successful
T000424,C0344,2026-03-28,49,subscription,successful
T000425,C0344,2026-04-28,49,subscription,successful
T000426,C0345,2026-03-25,199,subscription,successful
T000427,C0345,2026-04-25,199,subscription,successful
T000428,C0347,2026-01-13,49,subscription,successful
T000429,C0347,2026-02-13,49,subscription,successful
T000430,C0347,2026-03-13,49,subscription,successful
T000431,C0347,2026-04-13,49,subscription,successful
T000432,C0348,2026-01-08,49,subscription,successful
T000433,C0348,2026-02-08,49,subscription,successful
T000434,C0348,2026-03-08,49,subscription,successful
T000435,C0348,2026-04-08,49,subscription,successful
T000436,C0355,2026-02-01,49,subscription,successful
T000437,C0355,2026-03-01,49,subscription,successful
T000438,C0355,2026-04-01,49,subscription,successful
T000439,C0356,2026-01-25,49,subscription,successful
T000440,C0356,2026-02-25,49,subscription,successful
T000441,C0356,2026-03-25,49,subscription,successful
T000442,C0356,2026-04-25,49,subscription,successful
T000443,C0358,2026-03-10,49,subscription,successful
T000444,C0358,2026-04-10,49,subscription,successful
T000445,C0361,2026-02-24,49,subscription,successful
T000446,C0361,2026-03-24,49,subscription,successful
T000447,C0361,2026-04-24,49,subscription,successful
T000448,C0363,2026-02-05,49,subscription,successful
T000449,C0363,2026-03-05,49,subscription,successful
T000450,C0363,2026-04-05,49,subscription,successful
T000451,C0364,2026-03-01,49,subscription,successful
T000452,C0364,2026-04-01,49,subscription,successful
T000453,C0365,2026-02-01,49,subscription,successful
T000454,C0365,2026-03-01,49,subscription,successful
T000455,C0365,2026-04-01,49,subscription,successful
T000456,C0366,2026-04-22,49,subscription,successful
T000457,C0367,2026-04-29,49,subscription,successful
T000458,C0368,2026-01-10,49,subscription,successful
T000459,C0368,2026-02-10,49,subscription,successful
T000460,C0368,2026-03-10,49,subscription,successful
T000461,C0368,2026-04-10,49,subscription,successful
T000462,C0369,2026-02-26,199,subscription,successful
T000463,C0369,2026-03-26,199,subscription,successful
T000464,C0369,2026-04-26,199,subscription,successful
T000465,C0371,2026-04-21,199,subscription,successful
T000466,C0372,2026-04-20,199,subscription,successful
T000467,C0375,2026-01-07,49,subscription,successful
T000468,C0375,2026-02-07,49,subscription,successful
T000469,C0375,2026-03-07,49,subscription,successful
T000470,C0375,2026-04-07,49,subscription,successful
T000471,C0376,2026-03-25,49,subscription,successful
T000472,C0376,2026-04-25,49,subscription,successful
T000473,C0383,2026-04-19,199,subscription,successful
T000474,C0385,2026-01-22,199,subscription,successful
T000475,C0385,2026-02-22,199,subscription,successful
T000476,C0385,2026-03-22,199,subscription,successful
T000477,C0385,2026-04-22,199,subscription,successful
T000478,C0386,2026-02-22,199,subscription,successful
T000479,C0386,2026-03-22,199,subscription,successful
T000480,C0386,2026-04-22,199,subscription,successful
T000481,C0387,2026-03-04,199,subscription,successful
T000482,C0387,2026-04-04,199,subscription,successful
T000483,C0391,2026-02-21,49,subscription,successful
T000484,C0391,2026-03-21,49,subscription,successful
T000485,C0391,2026-04-21,49,subscription,successful
T000486,C0393,2026-01-08,199,subscription,successful
T000487,C0393,2026-02-08,199,subscription,successful
T000488,C0393,2026-03-08,199,subscription,successful
T000489,C0393,2026-04-08,199,subscription,successful
T000490,C0395,2026-02-18,49,subscription,successful
T000491,C0395,2026-03-18,49,subscription,successful
T000492,C0395,2026-04-18,49,subscription,successful
T000493,C0396,2026-01-01,199,subscription,successful
T000494,C0396,2026-02-01,199,subscription,successful
T000495,C0396,2026-03-01,199,subscription,successful
T000496,C0396,2026-04-01,199,subscription,successful
T000497,C0400,2026-04-11,49,subscription,successful
T000498,C0401,2026-04-11,49,subscription,successful
T000499,C0403,2026-02-06,49,subscription,successful
T000500,C0403,2026-03-06,49,subscription,successful
T000501,C0403,2026-04-06,49,subscription,successful
T000502,C0405,2026-03-31,49,subscription,successful
T000503,C0405,2026-04-30,49,subscription,successful
T000504,C0410,2026-04-02,49,subscription,successful
T000505,C0413,2026-01-25,199,subscription,successful
T000506,C0413,2026-02-25,199,subscription,successful
T000507,C0413,2026-03-25,199,subscription,successful
T000508,C0413,2026-04-25,199,subscription,successful
T000509,C0414,2026-02-07,199,subscription,successful
T000510,C0414,2026-03-07,199,subscription,successful
T000511,C0414,2026-04-07,199,subscription,successful
T000512,C0419,2026-03-11,199,subscription,successful
T000513,C0419,2026-04-11,199,subscription,successful
T000514,C0420,2026-01-08,199,subscription,successful
T000515,C0420,2026-02-08,199,subscription,successful
T000516,C0420,2026-03-08,199,subscription,successful
T000517,C0420,2026-04-08,199,subscription,successful
T000518,C0421,2026-04-06,199,subscription,successful
T000519,C0422,2026-02-10,199,subscription,successful
T000520,C0422,2026-03-10,199,subscription,successful
T000521,C0422,2026-04-10,199,subscription,successful
T000522,C0428,2026-04-28,49,subscription,successful
T000523,C0430,2026-03-09,49,subscription,successful
T000524,C0430,2026-04-09,49,subscription,successful
T000525,C0432,2026-01-08,49,subscription,successful
T000526,C0432,2026-02-08,49,subscription,successful
T000527,C0432,2026-03-08,49,subscription,successful
T000528,C0432,2026-04-08,49,subscription,successful
T000529,C0433,2026-03-07,49,subscription,successful
T000530,C0433,2026-04-07,49,subscription,successful
T000531,C0434,2026-01-11,49,subscription,successful
T000532,C0434,2026-02-11,49,subscription,successful
T000533,C0434,2026-03-11,49,subscription,successful
T000534,C0434,2026-04-11,49,subscription,successful
T000535,C0435,2026-04-19,49,subscription,successful
T000536,C0436,2026-01-24,49,subscription,successful
T000537,C0436,2026-02-24,49,subscription,successful
T000538,C0436,2026-03-24,49,subscription,successful
T000539,C0436,2026-04-24,49,subscription,successful
T000540,C0439,2026-01-09,199,subscription,successful
T000541,C0439,2026-02-09,199,subscription,successful
T000542,C0439,2026-03-09,199,subscription,successful
T000543,C0439,2026-04-09,199,subscription,successful
T000544,C0440,2026-03-28,49,subscription,successful
T000545,C0440,2026-04-28,49,subscription,successful
T000546,C0441,2026-04-21,49,subscription,successful
T000547,C0445,2026-04-24,49,subscription,successful
T000548,C0446,2026-03-14,49,subscription,successful
T000549,C0446,2026-04-14,49,subscription,successful
T000550,C0448,2026-03-16,199,subscription,successful
T000551,C0448,2026-04-16,199,subscription,successful
T000552,C0449,2026-03-18,199,subscription,successful
T000553,C0449,2026-04-18,199,subscription,successful
T000554,C0450,2026-01-06,199,subscription,successful
T000555,C0450,2026-02-06,199,subscription,successful
T000556,C0450,2026-03-06,199,subscription,successful
T000557,C0450,2026-04-06,199,subscription,successful
T000558,C0451,2026-03-21,49,subscription,successful
T000559,C0451,2026-04-21,49,subscription,successful
T000560,C0457,2026-03-08,49,subscription,successful
T000561,C0457,2026-04-08,49,subscription,successful
T000562,C0461,2026-01-27,199,subscription,successful
T000563,C0461,2026-02-27,199,subscription,successful
T000564,C0461,2026-03-27,199,subscription,successful
T000565,C0461,2026-04-27,199,subscription,successful
T000566,C0462,2026-03-27,199,subscription,successful
T000567,C0462,2026-04-27,199,subscription,successful
T000568,C0464,2026-02-10,49,subscription,successful
T000569,C0464,2026-03-10,49,subscription,successful
T000570,C0464,2026-04-10,49,subscription,successful
T000571,C0465,2026-01-31,199,subscription,successful
T000572,C0465,2026-02-28,199,subscription,successful
T000573,C0465,2026-03-28,199,subscription,successful
T000574,C0465,2026-04-28,199,subscription,successful
T000575,C0468,2026-01-17,49,subscription,successful
T000576,C0468,2026-02-17,49,subscription,successful
T000577,C0468,2026-03-17,49,subscription,successful
T000578,C0468,2026-04-17,49,subscription,successful
T000579,C0469,2026-03-27,49,subscription,successful
T000580,C0469,2026-04-27,49,subscription,successful
T000581,C0472,2026-02-28,49,subscription,successful
T000582,C0472,2026-03-28,49,subscription,successful
T000583,C0472,2026-04-28,49,subscription,successful
T000584,C0473,2026-02-10,49,subscription,successful
T000585,C0473,2026-03-10,49,subscription,successful
T000586,C0473,2026-04-10,49,subscription,successful
T000587,C0474,2026-04-29,49,subscription,successful
T000588,C0480,2026-03-21,199,subscription,successful
T000589,C0480,2026-04-21,199,subscription,successful
T000590,C0482,2026-01-13,49,subscription,successful
T000591,C0482,2026-02-13,49,subscription,successful
T000592,C0482,2026-03-13,49,subscription,successful
T000593,C0482,2026-04-13,49,subscription,successful
T000594,C0483,2026-01-10,49,subscription,successful
T000595,C0483,2026-02-10,49,subscription,successful
T000596,C0483,2026-03-10,49,subscription,successful
T000597,C0483,2026-04-10,49,subscription,successful
T000598,C0484,2026-03-10,199,subscription,successful
T000599,C0484,2026-04-10,199,subscription,successful
T000600,C0486,2026-03-06,199,subscription,successful
T000601,C0486,2026-04-06,199,subscription,successful
T000602,C0487,2026-02-03,49,subscription,successful
T000603,C0487,2026-03-03,49,subscription,successful
T000604,C0487,2026-04-03,49,subscription,successful
T000605,C0490,2026-02-14,49,subscription,successful
T000606,C0490,2026-03-14,49,subscription,successful
T000607,C0490,2026-04-14,49,subscription,successful
T000608,C0491,2026-04-23,199,subscription,successful
T000609,C0492,2026-01-09,199,subscription,successful
T000610,C0492,2026-02-09,199,subscription,successful
T000611,C0492,2026-03-09,199,subscription,successful
T000612,C0492,2026-04-09,199,subscription,successful
T000613,C0493,2026-04-23,49,subscription,successful
T000614,C0495,2026-02-17,199,subscription,successful
T000615,C0495,2026-03-17,199,subscription,successful
T000616,C0495,2026-04-17,199,subscription,successful
T000617,C0498,2026-02-26,49,subscription,successful
T000618,C0498,2026-03-26,49,subscription,successful
T000619,C0498,2026-04-26,49,subscription,successful
T000620,C0499,2026-04-17,199,subscription,successful
T000621,C0500,2026-03-11,49,subscription,successful
T000622,C0500,2026-04-11,49,subscription,successful
T000623,C0503,2026-03-20,49,subscription,successful
T000624,C0503,2026-04-20,49,subscription,successful
T000625,C0504,2026-04-14,49,subscription,successful
T000626,C0505,2026-03-25,49,subscription,successful
T000627,C0505,2026-04-25,49,subscription,successful
T000628,C0506,2026-03-09,49,subscription,successful
T000629,C0506,2026-04-09,49,subscription,successful
T000630,C0508,2026-03-27,49,subscription,successful
T000631,C0508,2026-04-27,49,subscription,successful
T000632,C0509,2026-04-15,199,subscription,successful
T000633,C0511,2026-02-08,199,subscription,successful
T000634,C0511,2026-03-08,199,subscription,successful
T000635,C0511,2026-04-08,199,subscription,successful
T000636,C0514,2026-01-14,49,subscription,successful
T000637,C0514,2026-02-14,49,subscription,successful
T000638,C0514,2026-03-14,49,subscription,successful
T000639,C0514,2026-04-14,49,subscription,successful
T000640,C0515,2026-04-23,199,subscription,successful
T000641,C0518,2026-01-15,49,subscription,successful
T000642,C0518,2026-02-15,49,subscription,successful
T000643,C0518,2026-03-15,49,subscription,successful
T000644,C0518,2026-04-15,49,subscription,successful
T000645,C0519,2026-04-24,49,subscription,successful
T000646,C0520,2026-01-14,199,subscription,successful
T000647,C0520,2026-02-14,199,subscription,successful
T000648,C0520,2026-03-14,199,subscription,successful
T000649,C0520,2026-04-14,199,subscription,successful
T000650,C0522,2026-03-12,49,subscription,successful
T000651,C0522,2026-04-12,49,subscription,successful
T000652,C0523,2026-01-20,49,subscription,successful
T000653,C0523,2026-02-20,49,subscription,successful
T000654,C0523,2026-03-20,49,subscription,successful
T000655,C0523,2026-04-20,49,subscription,successful
T000656,C0526,2026-03-19,49,subscription,successful
T000657,C0526,2026-04-19,49,subscription,successful
T000658,C0527,2026-01-27,49,subscription,successful
T000659,C0527,2026-02-27,49,subscription,successful
T000660,C0527,2026-03-27,49,subscription,successful
T000661,C0527,2026-04-27,49,subscription,successful
T000662,C0530,2026-01-27,199,subscription,successful
T000663,C0530,2026-02-27,199,subscription,successful
T000664,C0530,2026-03-27,199,subscription,successful
T000665,C0530,2026-04-27,199,subscription,successful
T000666,C0531,2026-03-29,49,subscription,successful
T000667,C0531,2026-04-29,49,subscription,successful
T000668,C0535,2026-03-06,199,subscription,successful
T000669,C0535,2026-04-06,199,subscription,successful
T000670,C0536,2026-03-04,199,subscription,successful
T000671,C0536,2026-04-04,199,subscription,successful
T000672,C0537,2026-02-02,199,subscription,successful
T000673,C0537,2026-03-02,199,subscription,successful
T000674,C0537,2026-04-02,199,subscription,successful
T000675,C0538,2026-04-26,49,subscription,successful
T000676,C0543,2026-03-23,199,subscription,successful
T000677,C0543,2026-04-23,199,subscription,successful
T000678,C0544,2026-02-24,49,subscription,successful
T000679,C0544,2026-03-24,49,subscription,successful
T000680,C0544,2026-04-24,49,subscription,successful
T000681,C0545,2026-04-17,49,subscription,successful
T000682,C0550,2026-04-09,199,subscription,successful
T000683,C0551,2026-01-17,49,subscription,successful
T000684,C0551,2026-02-17,49,subscription,successful
T000685,C0551,2026-03-17,49,subscription,successful
T000686,C0551,2026-04-17,49,subscription,successful
T000687,C0552,2026-03-23,49,subscription,successful
T000688,C0552,2026-04-23,49,subscription,successful
T000689,C0555,2026-04-05,199,subscription,successful
T000690,C0557,2026-03-12,49,subscription,successful
T000691,C0557,2026-04-12,49,subscription,successful
T000692,C0558,2026-04-01,49,subscription,successful
T000693,C0565,2026-03-30,199,subscription,successful
T000694,C0565,2026-04-30,199,subscription,successful
T000695,C0567,2026-01-20,49,subscription,successful
T000696,C0567,2026-02-20,49,subscription,successful
T000697,C0567,2026-03-20,49,subscription,successful
T000698,C0567,2026-04-20,49,subscription,successful
T000699,C0572,2026-03-16,199,subscription,successful
T000700,C0572,2026-04-16,199,subscription,successful
T000701,C0573,2026-03-12,49,subscription,successful
T000702,C0573,2026-04-12,49,subscription,successful
T000703,C0576,2026-01-17,199,subscription,successful
T000704,C0576,2026-02-17,199,subscription,successful
T000705,C0576,2026-03-17,199,subscription,successful
T000706,C0576,2026-04-17,199,subscription,successful
T000707,C0578,2026-02-09,49,subscription,successful
T000708,C0578,2026-03-09,49,subscription,successful
T000709,C0578,2026-04-09,49,subscription,successful
T000710,C0580,2026-04-26,199,subscription,successful
T000711,C0582,2026-04-12,49,subscription,successful
T000712,C0583,2026-04-21,49,subscription,successful
T000713,C0584,2026-01-06,49,subscription,successful
T000714,C0584,2026-02-06,49,subscription,successful
T000715,C0584,2026-03-06,49,subscription,successful
T000716,C0584,2026-04-06,49,subscription,successful
T000717,C0586,2026-02-15,49,subscription,successful
T000718,C0586,2026-03-15,49,subscription,successful
T000719,C0586,2026-04-15,49,subscription,successful
T000720,C0590,2026-03-27,199,subscription,successful
T000721,C0590,2026-04-27,199,subscription,successful
T000722,C0591,2026-01-14,49,subscription,successful
T000723,C0591,2026-02-14,49,subscription,successful
T000724,C0591,2026-03-14,49,subscription,successful
T000725,C0591,2026-04-14,49,subscription,successful
T000726,C0592,2026-02-15,49,subscription,successful
T000727,C0592,2026-03-15,49,subscription,successful
T000728,C0592,2026-04-15,49,subscription,successful
T000729,C0593,2026-04-10,49,subscription,successful
T000730,C0594,2026-03-13,199,subscription,successful
T000731,C0594,2026-04-13,199,subscription,successful
T000732,C0596,2026-04-22,49,subscription,successful
T000733,C0597,2026-02-22,49,subscription,successful
T000734,C0597,2026-03-22,49,subscription,successful
T000735,C0597,2026-04-22,49,subscription,successful
T000736,C0599,2026-04-06,49,subscription,successful
T000737,C0601,2026-04-29,49,subscription,successful
T000738,C0602,2026-04-30,49,subscription,successful
T000739,C0614,2026-04-29,199,subscription,successful
T000740,C0615,2026-02-12,49,subscription,successful
T000741,C0615,2026-03-12,49,subscription,successful
T000742,C0615,2026-04-12,49,subscription,successful
T000743,C0617,2026-04-30,199,subscription,successful
T000744,C0620,2026-03-27,49,subscription,successful
T000745,C0620,2026-04-27,49,subscription,successful
T000746,C0621,2026-04-21,199,subscription,successful
T000747,C0625,2026-02-04,49,subscription,successful
T000748,C0625,2026-03-04,49,subscription,successful
T000749,C0625,2026-04-04,49,subscription,successful
T000750,C0627,2026-04-11,199,subscription,successful
T000751,C0628,2026-03-31,49,subscription,successful
T000752,C0628,2026-04-30,49,subscription,successful
T000753,C0629,2026-01-14,49,subscription,successful
T000754,C0629,2026-02-14,49,subscription,successful
T000755,C0629,2026-03-14,49,subscription,successful
T000756,C0629,2026-04-14,49,subscription,successful
T000757,C0630,2026-02-18,49,subscription,successful
T000758,C0630,2026-03-18,49,subscription,successful
T000759,C0630,2026-04-18,49,subscription,successful
T000760,C0634,2026-03-02,49,subscription,successful
T000761,C0634,2026-04-02,49,subscription,successful
T000762,C0636,2026-01-26,49,subscription,successful
T000763,C0636,2026-02-26,49,subscription,successful
T000764,C0636,2026-03-26,49,subscription,successful
T000765,C0636,2026-04-26,49,subscription,successful
T000766,C0637,2026-04-15,49,subscription,successful
T000767,C0641,2026-02-09,199,subscription,successful
T000768,C0641,2026-03-09,199,subscription,successful
T000769,C0641,2026-04-09,199,subscription,successful
T000770,C0646,2026-01-29,49,subscription,successful
T000771,C0646,2026-02-28,49,subscription,successful
T000772,C0646,2026-03-28,49,subscription,successful
T000773,C0646,2026-04-28,49,subscription,successful
T000774,C0649,2026-01-25,49,subscription,successful
T000775,C0649,2026-02-25,49,subscription,successful
T000776,C0649,2026-03-25,49,subscription,successful
T000777,C0649,2026-04-25,49,subscription,successful
T000778,C0651,2026-02-12,49,subscription,successful
T000779,C0651,2026-03-12,49,subscription,successful
T000780,C0651,2026-04-12,49,subscription,successful
T000781,C0652,2026-02-05,49,subscription,successful
T000782,C0652,2026-03-05,49,subscription,successful
T000783,C0652,2026-04-05,49,subscription,successful
T000784,C0653,2026-04-21,49,subscription,successful
T000785,C0654,2026-01-09,49,subscription,successful
T000786,C0654,2026-02-09,49,subscription,successful
T000787,C0654,2026-03-09,49,subscription,successful
T000788,C0654,2026-04-09,49,subscription,successful
T000789,C0655,2026-04-09,49,subscription,successful
T000790,C0656,2026-02-05,199,subscription,successful
T000791,C0656,2026-03-05,199,subscription,successful
T000792,C0656,2026-04-05,199,subscription,successful
T000793,C0657,2026-02-14,49,subscription,successful
T000794,C0657,2026-03-14,49,subscription,successful
T000795,C0657,2026-04-14,49,subscription,successful
T000796,C0658,2026-03-24,49,subscription,successful
T000797,C0658,2026-04-24,49,subscription,successful
T000798,C0659,2026-03-07,49,subscription,successful
T000799,C0659,2026-04-07,49,subscription,successful
T000800,C0660,2026-02-21,49,subscription,successful
T000801,C0660,2026-03-21,49,subscription,successful
T000802,C0660,2026-04-21,49,subscription,successful
T000803,C0662,2026-04-18,49,subscription,successful
T000804,C0665,2026-01-04,49,subscription,successful
T000805,C0665,2026-02-04,49,subscription,successful
T000806,C0665,2026-03-04,49,subscription,successful
T000807,C0665,2026-04-04,49,subscription,successful
T000808,C0666,2026-01-15,199,subscription,successful
T000809,C0666,2026-02-15,199,subscription,successful
T000810,C0666,2026-03-15,199,subscription,successful
T000811,C0666,2026-04-15,199,subscription,successful
T000812,C0667,2026-04-23,49,subscription,successful
T000813,C0672,2026-01-05,49,subscription,successful
T000814,C0672,2026-02-05,49,subscription,successful
T000815,C0672,2026-03-05,49,subscription,successful
T000816,C0672,2026-04-05,49,subscription,successful
T000817,C0674,2026-03-18,49,subscription,successful
T000818,C0674,2026-04-18,49,subscription,successful
T000819,C0675,2026-02-25,199,subscription,successful
T000820,C0675,2026-03-25,199,subscription,successful
T000821,C0675,2026-04-25,199,subscription,successful
T000822,C0680,2026-02-25,199,subscription,successful
T000823,C0680,2026-03-25,199,subscription,successful
T000824,C0680,2026-04-25,199,subscription,successful
T000825,C0683,2026-01-15,49,subscription,successful
T000826,C0683,2026-02-15,49,subscription,successful
T000827,C0683,2026-03-15,49,subscription,successful
T000828,C0683,2026-04-15,49,subscription,successful
T000829,C0684,2026-02-19,49,subscription,successful
T000830,C0684,2026-03-19,49,subscription,successful
T000831,C0684,2026-04-19,49,subscription,successful
T000832,C0685,2026-04-26,199,subscription,successful
T000833,C0686,2026-03-15,49,subscription,successful
T000834,C0686,2026-04-15,49,subscription,successful
T000835,C0687,2026-01-25,49,subscription,successful
T000836,C0687,2026-02-25,49,subscription,successful
T000837,C0687,2026-03-25,49,subscription,successful
T000838,C0687,2026-04-25,49,subscription,successful
T000839,C0688,2026-02-02,199,subscription,successful
T000840,C0688,2026-03-02,199,subscription,successful
T000841,C0688,2026-04-02,199,subscription,successful
T000842,C0689,2026-01-06,199,subscription,successful
T000843,C0689,2026-02-06,199,subscription,successful
T000844,C0689,2026-03-06,199,subscription,successful
T000845,C0689,2026-04-06,199,subscription,successful
T000846,C0696,2026-03-10,199,subscription,successful
T000847,C0696,2026-04-10,199,subscription,successful
T000848,C0697,2026-03-29,199,subscription,successful
T000849,C0697,2026-04-29,199,subscription,successful
T000850,C0698,2026-04-03,49,subscription,successful
T000851,C0699,2026-04-05,49,subscription,successful
T000852,C0700,2026-04-05,199,subscription,successful
T000853,C0702,2026-01-26,49,subscription,successful
T000854,C0702,2026-02-26,49,subscription,successful
T000855,C0702,2026-03-26,49,subscription,successful
T000856,C0702,2026-04-26,49,subscription,successful
T000857,C0703,2026-02-16,49,subscription,successful
T000858,C0703,2026-03-16,49,subscription,successful
T000859,C0703,2026-04-16,49,subscription,successful
T000860,C0709,2026-03-21,199,subscription,successful
T000861,C0709,2026-04-21,199,subscription,successful
T000862,C0710,2026-02-10,49,subscription,successful
T000863,C0710,2026-03-10,49,subscription,successful
T000864,C0710,2026-04-10,49,subscription,successful
T000865,C0713,2026-01-16,49,subscription,successful
T000866,C0713,2026-02-16,49,subscription,successful
T000867,C0713,2026-03-16,49,subscription,successful
T000868,C0713,2026-04-16,49,subscription,successful
T000869,C0715,2026-04-26,49,subscription,successful
T000870,C0716,2026-02-08,49,subscription,successful
T000871,C0716,2026-03-08,49,subscription,successful
T000872,C0716,2026-04-08,49,subscription,successful
T000873,C0721,2026-02-11,49,subscription,successful
T000874,C0721,2026-03-11,49,subscription,successful
T000875,C0721,2026-04-11,49,subscription,successful
T000876,C0723,2026-03-31,199,subscription,successful
T000877,C0723,2026-04-30,199,subscription,successful
T000878,C0724,2026-02-07,49,subscription,successful
T000879,C0724,2026-03-07,49,subscription,successful
T000880,C0724,2026-04-07,49,subscription,successful
T000881,C0727,2026-01-25,199,subscription,successful
T000882,C0727,2026-02-25,199,subscription,successful
T000883,C0727,2026-03-25,199,subscription,successful
T000884,C0727,2026-04-25,199,subscription,successful
T000885,C0728,2026-02-23,49,subscription,successful
T000886,C0728,2026-03-23,49,subscription,successful
T000887,C0728,2026-04-23,49,subscription,successful
T000888,C0729,2026-03-27,49,subscription,successful
T000889,C0729,2026-04-27,49,subscription,successful
T000890,C0731,2026-03-28,49,subscription,successful
T000891,C0731,2026-04-28,49,subscription,successful
T000892,C0738,2026-02-21,49,subscription,successful
T000893,C0738,2026-03-21,49,subscription,successful
T000894,C0738,2026-04-21,49,subscription,successful
T000895,C0739,2026-03-12,199,subscription,successful
T000896,C0739,2026-04-12,199,subscription,successful
T000897,C0742,2026-02-08,49,subscription,successful
T000898,C0742,2026-03-08,49,subscription,successful
T000899,C0742,2026-04-08,49,subscription,successful
T000900,C0743,2026-02-06,49,subscription,successful
T000901,C0743,2026-03-06,49,subscription,successful
T000902,C0743,2026-04-06,49,subscription,successful
T000903,C0745,2026-02-25,49,subscription,successful
T000904,C0745,2026-03-25,49,subscription,successful
T000905,C0745,2026-04-25,49,subscription,successful
T000906,C0746,2026-04-11,199,subscription,successful
T000907,C0748,2026-03-19,199,subscription,successful
T000908,C0748,2026-04-19,199,subscription,successful
T000909,C0750,2026-02-11,199,subscription,successful
T000910,C0750,2026-03-11,199,subscription,successful
T000911,C0750,2026-04-11,199,subscription,successful
T000912,C0751,2026-03-01,49,subscription,successful
T000913,C0751,2026-04-01,49,subscription,successful
T000914,C0753,2026-02-26,49,subscription,successful
T000915,C0753,2026-03-26,49,subscription,successful
T000916,C0753,2026-04-26,49,subscription,successful
T000917,C0754,2026-03-28,49,subscription,successful
T000918,C0754,2026-04-28,49,subscription,successful
T000919,C0758,2026-04-12,49,subscription,successful
T000920,C0759,2026-04-26,49,subscription,successful
T000921,C0761,2026-04-05,49,subscription,successful
T000922,C0763,2026-03-26,49,subscription,successful
T000923,C0763,2026-04-26,49,subscription,successful
T000924,C0766,2026-03-07,49,subscription,successful
T000925,C0766,2026-04-07,49,subscription,successful
T000926,C0767,2026-03-26,49,subscription,successful
T000927,C0767,2026-04-26,49,subscription,successful
T000928,C0768,2026-03-23,49,subscription,successful
T000929,C0768,2026-04-23,49,subscription,successful
T000930,C0770,2026-02-12,49,subscription,successful
T000931,C0770,2026-03-12,49,subscription,successful
T000932,C0770,2026-04-12,49,subscription,successful
T000933,C0772,2026-04-15,199,subscription,successful
T000934,C0773,2026-04-07,199,subscription,successful
T000935,C0774,2026-01-31,49,subscription,successful
T000936,C0774,2026-02-28,49,subscription,successful
T000937,C0774,2026-03-28,49,subscription,successful
T000938,C0774,2026-04-28,49,subscription,successful
T000939,C0777,2026-01-29,49,subscription,successful
T000940,C0777,2026-02-28,49,subscription,successful
T000941,C0777,2026-03-28,49,subscription,successful
T000942,C0777,2026-04-28,49,subscription,successful
T000943,C0780,2026-01-19,199,subscription,successful
T000944,C0780,2026-02-19,199,subscription,successful
T000945,C0780,2026-03-19,199,subscription,successful
T000946,C0780,2026-04-19,199,subscription,successful
T000947,C0783,2026-02-01,199,subscription,successful
T000948,C0783,2026-03-01,199,subscription,successful
T000949,C0783,2026-04-01,199,subscription,successful
T000950,C0784,2026-03-02,49,subscription,successful
T000951,C0784,2026-04-02,49,subscription,successful
T000952,C0785,2026-03-20,49,subscription,successful
T000953,C0785,2026-04-20,49,subscription,successful
T000954,C0788,2026-01-10,199,subscription,successful
T000955,C0788,2026-02-10,199,subscription,successful
T000956,C0788,2026-03-10,199,subscription,successful
T000957,C0788,2026-04-10,199,subscription,successful
T000958,C0789,2026-02-28,49,subscription,successful
T000959,C0789,2026-03-28,49,subscription,successful
T000960,C0789,2026-04-28,49,subscription,successful
T000961,C0792,2026-03-22,199,subscription,successful
T000962,C0792,2026-04-22,199,subscription,successful
T000963,C0797,2026-02-19,49,subscription,successful
T000964,C0797,2026-03-19,49,subscription,successful
T000965,C0797,2026-04-19,49,subscription,successful
T000966,C0798,2026-03-05,199,subscription,successful
T000967,C0798,2026-04-05,199,subscription,successful
T000968,C0799,2026-02-21,49,subscription,successful
T000969,C0799,2026-03-21,49,subscription,successful
T000970,C0799,2026-04-21,49,subscription,successful
T000971,C0800,2026-02-01,199,subscription,successful
T000972,C0800,2026-03-01,199,subscription,successful
T000973,C0800,2026-04-01,199,subscription,successful
T000974,C0801,2026-01-19,49,subscription,successful
T000975,C0801,2026-02-19,49,subscription,successful
T000976,C0801,2026-03-19,49,subscription,successful
T000977,C0801,2026-04-19,49,subscription,successful
T000978,C0805,2026-04-25,49,subscription,successful
T000979,C0806,2026-04-07,199,subscription,successful
T000980,C0808,2026-04-09,49,subscription,successful
T000981,C0809,2026-04-24,49,subscription,successful
T000982,C0812,2026-02-24,49,subscription,successful
T000983,C0812,2026-03-24,49,subscription,successful
T000984,C0812,2026-04-24,49,subscription,successful
T000985,C0813,2026-01-29,199,subscription,successful
T000986,C0813,2026-02-28,199,subscription,successful
T000987,C0813,2026-03-28,199,subscription,successful
T000988,C0813,2026-04-28,199,subscription,successful
T000989,C0816,2026-03-31,49,subscription,successful
T000990,C0816,2026-04-30,49,subscription,successful
T000991,C0817,2026-03-08,49,subscription,successful
T000992,C0817,2026-04-08,49,subscription,successful
T000993,C0818,2026-03-01,49,subscription,successful
T000994,C0818,2026-04-01,49,subscription,successful
T000995,C0819,2026-01-07,49,subscription,successful
T000996,C0819,2026-02-07,49,subscription,successful
T000997,C0819,2026-03-07,49,subscription,successful
T000998,C0819,2026-04-07,49,subscription,successful
T000999,C0820,2026-03-13,49,subscription,successful
T001000,C0820,2026-04-13,49,subscription,successful
T001001,C0821,2026-02-01,49,subscription,successful
T001002,C0821,2026-03-01,49,subscription,successful
T001003,C0821,2026-04-01,49,subscription,successful
T001004,C0822,2026-04-28,49,subscription,successful
T001005,C0824,2026-01-16,49,subscription,successful
T001006,C0824,2026-02-16,49,subscription,successful
T001007,C0824,2026-03-16,49,subscription,successful
T001008,C0824,2026-04-16,49,subscription,successful
T001009,C0825,2026-02-28,199,subscription,successful
T001010,C0825,2026-03-28,199,subscription,successful
T001011,C0825,2026-04-28,199,subscription,successful
T001012,C0827,2026-04-13,49,subscription,successful
T001013,C0828,2026-03-01,199,subscription,successful
T001014,C0828,2026-04-01,199,subscription,successful
T001015,C0833,2026-02-10,49,subscription,successful
T001016,C0833,2026-03-10,49,subscription,successful
T001017,C0833,2026-04-10,49,subscription,successful
T001018,C0834,2026-04-07,49,subscription,successful
T001019,C0836,2026-02-26,49,subscription,successful
T001020,C0836,2026-03-26,49,subscription,successful
T001021,C0836,2026-04-26,49,subscription,successful
T001022,C0837,2026-03-20,49,subscription,successful
T001023,C0837,2026-04-20,49,subscription,successful
T001024,C0838,2026-04-15,49,subscription,successful
T001025,C0839,2026-04-03,49,subscription,successful
T001026,C0845,2026-03-12,49,subscription,successful
T001027,C0845,2026-04-12,49,subscription,successful
T001028,C0852,2026-02-27,49,subscription,successful
T001029,C0852,2026-03-27,49,subscription,successful
T001030,C0852,2026-04-27,49,subscription,successful
T001031,C0854,2026-04-07,199,subscription,successful
T001032,C0855,2026-02-01,49,subscription,successful
T001033,C0855,2026-03-01,49,subscription,successful
T001034,C0855,2026-04-01,49,subscription,successful
T001035,C0857,2026-03-23,49,subscription,successful
T001036,C0857,2026-04-23,49,subscription,successful
T001037,C0858,2026-02-05,49,subscription,successful
T001038,C0858,2026-03-05,49,subscription,successful
T001039,C0858,2026-04-05,49,subscription,successful
T001040,C0859,2026-04-09,49,subscription,successful
T001041,C0860,2026-04-10,49,subscription,successful
T001042,C0862,2026-03-04,199,subscription,successful
T001043,C0862,2026-04-04,199,subscription,successful
T001044,C0864,2026-01-31,49,subscription,successful
T001045,C0864,2026-02-28,49,subscription,successful
T001046,C0864,2026-03-28,49,subscription,successful
T001047,C0864,2026-04-28,49,subscription,successful
T001048,C0865,2026-02-05,49,subscription,successful
T001049,C0865,2026-03-05,49,subscription,successful
T001050,C0865,2026-04-05,49,subscription,successful
T001051,C0867,2026-01-10,199,subscription,successful
T001052,C0867,2026-02-10,199,subscription,successful
T001053,C0867,2026-03-10,199,subscription,successful
T001054,C0867,2026-04-10,199,subscription,successful
T001055,C0869,2026-02-06,49,subscription,successful
T001056,C0869,2026-03-06,49,subscription,successful
T001057,C0869,2026-04-06,49,subscription,successful
T001058,C0871,2026-02-04,49,subscription,successful
T001059,C0871,2026-03-04,49,subscription,successful
T001060,C0871,2026-04-04,49,subscription,successful
T001061,C0872,2026-02-12,49,subscription,successful
T001062,C0872,2026-03-12,49,subscription,successful
T001063,C0872,2026-04-12,49,subscription,successful
T001064,C0873,2026-02-10,49,subscription,successful
T001065,C0873,2026-03-10,49,subscription,successful
T001066,C0873,2026-04-10,49,subscription,successful
T001067,C0879,2026-01-30,49,subscription,successful
T001068,C0879,2026-02-28,49,subscription,successful
T001069,C0879,2026-03-28,49,subscription,successful
T001070,C0879,2026-04-28,49,subscription,successful
T001071,C0880,2026-02-19,49,subscription,successful
T001072,C0880,2026-03-19,49,subscription,successful
T001073,C0880,2026-04-19,49,subscription,successful
T001074,C0881,2026-03-30,199,subscription,successful
T001075,C0881,2026-04-30,199,subscription,successful
T001076,C0882,2026-01-20,199,subscription,successful
T001077,C0882,2026-02-20,199,subscription,successful
T001078,C0882,2026-03-20,199,subscription,successful
T001079,C0882,2026-04-20,199,subscription,successful
T001080,C0884,2026-01-28,49,subscription,successful
T001081,C0884,2026-02-28,49,subscription,successful
T001082,C0884,2026-03-28,49,subscription,successful
T001083,C0884,2026-04-28,49,subscription,successful
T001084,C0885,2026-01-09,49,subscription,successful
T001085,C0885,2026-02-09,49,subscription,successful
T001086,C0885,2026-03-09,49,subscription,successful
T001087,C0885,2026-04-09,49,subscription,successful
T001088,C0886,2026-02-23,49,subscription,successful
T001089,C0886,2026-03-23,49,subscription,successful
T001090,C0886,2026-04-23,49,subscription,successful
T001091,C0887,2026-02-22,49,subscription,successful
T001092,C0887,2026-03-22,49,subscription,successful
T001093,C0887,2026-04-22,49,subscription,successful
T001094,C0888,2026-02-12,49,subscription,successful
T001095,C0888,2026-03-12,49,subscription,successful
T001096,C0888,2026-04-12,49,subscription,successful
T001097,C0889,2026-03-11,49,subscription,successful
T001098,C0889,2026-04-11,49,subscription,successful
T001099,C0891,2026-02-23,199,subscription,successful
T001100,C0891,2026-03-23,199,subscription,successful
T001101,C0891,2026-04-23,199,subscription,successful
T001102,C0892,2026-01-08,199,subscription,successful
T001103,C0892,2026-02-08,199,subscription,successful
T001104,C0892,2026-03-08,199,subscription,successful
T001105,C0892,2026-04-08,199,subscription,successful
T001106,C0893,2026-01-27,199,subscription,successful
T001107,C0893,2026-02-27,199,subscription,successful
T001108,C0893,2026-03-27,199,subscription,successful
T001109,C0893,2026-04-27,199,subscription,successful
T001110,C0894,2026-04-17,49,subscription,successful
T001111,C0895,2026-02-23,49,subscription,successful
T001112,C0895,2026-03-23,49,subscription,successful
T001113,C0895,2026-04-23,49,subscription,successful
T001114,C0896,2026-02-19,199,subscription,successful
T001115,C0896,2026-03-19,199,subscription,successful
T001116,C0896,2026-04-19,199,subscription,successful
T001117,C0897,2026-04-26,199,subscription,successful
T001118,C0898,2026-04-09,49,subscription,successful
T001119,C0899,2026-03-16,49,subscription,successful
T001120,C0899,2026-04-16,49,subscription,successful
T001121,C0901,2026-01-03,49,subscription,successful
T001122,C0901,2026-02-03,49,subscription,successful
T001123,C0901,2026-03-03,49,subscription,successful
T001124,C0901,2026-04-03,49,subscription,successful
T001125,C0902,2026-04-20,49,subscription,successful
T001126,C0904,2026-04-08,199,subscription,successful
T001127,C0905,2026-03-15,199,subscription,successful
T001128,C0905,2026-04-15,199,subscription,successful
T001129,C0907,2026-03-03,49,subscription,successful
T001130,C0907,2026-04-03,49,subscription,successful
T001131,C0908,2026-01-01,49,subscription,successful
T001132,C0908,2026-02-01,49,subscription,successful
T001133,C0908,2026-03-01,49,subscription,successful
T001134,C0908,2026-04-01,49,subscription,successful
T001135,C0912,2026-02-19,49,subscription,successful
T001136,C0912,2026-03-19,49,subscription,successful
T001137,C0912,2026-04-19,49,subscription,successful
T001138,C0913,2026-04-20,49,subscription,successful
T001139,C0914,2026-04-25,49,subscription,successful
T001140,C0915,2026-04-17,49,subscription,successful
T001141,C0916,2026-02-23,49,subscription,successful
T001142,C0916,2026-03-23,49,subscription,successful
T001143,C0916,2026-04-23,49,subscription,successful
T001144,C0917,2026-03-10,49,subscription,successful
T001145,C0917,2026-04-10,49,subscription,successful
T001146,C0921,2026-04-13,199,subscription,successful
T001147,C0922,2026-03-19,199,subscription,successful
T001148,C0922,2026-04-19,199,subscription,successful
T001149,C0924,2026-01-29,49,subscription,successful
T001150,C0924,2026-02-28,49,subscription,successful
T001151,C0924,2026-03-28,49,subscription,successful
T001152,C0924,2026-04-28,49,subscription,successful
T001153,C0926,2026-01-29,49,subscription,successful
T001154,C0926,2026-02-28,49,subscription,successful
T001155,C0926,2026-03-28,49,subscription,successful
T001156,C0926,2026-04-28,49,subscription,successful
T001157,C0929,2026-03-04,49,subscription,successful
T001158,C0929,2026-04-04,49,subscription,successful
T001159,C0931,2026-02-19,199,subscription,successful
T001160,C0931,2026-03-19,199,subscription,successful
T001161,C0931,2026-04-19,199,subscription,successful
T001162,C0932,2026-02-13,199,subscription,successful
T001163,C0932,2026-03-13,199,subscription,successful
T001164,C0932,2026-04-13,199,subscription,successful
T001165,C0933,2026-03-27,199,subscription,successful
T001166,C0933,2026-04-27,199,subscription,successful
T001167,C0936,2026-02-21,49,subscription,successful
T001168,C0936,2026-03-21,49,subscription,successful
T001169,C0936,2026-04-21,49,subscription,successful
T001170,C0937,2026-04-03,199,subscription,successful
T001171,C0938,2026-01-22,49,subscription,successful
T001172,C0938,2026-02-22,49,subscription,successful
T001173,C0938,2026-03-22,49,subscription,successful
T001174,C0938,2026-04-22,49,subscription,successful
T001175,C0940,2026-03-01,199,subscription,successful
T001176,C0940,2026-04-01,199,subscription,successful
T001177,C0942,2026-01-17,49,subscription,successful
T001178,C0942,2026-02-17,49,subscription,successful
T001179,C0942,2026-03-17,49,subscription,successful
T001180,C0942,2026-04-17,49,subscription,successful
T001181,C0943,2026-03-21,49,subscription,successful
T001182,C0943,2026-04-21,49,subscription,successful
T001183,C0944,2026-03-10,49,subscription,successful
T001184,C0944,2026-04-10,49,subscription,successful
T001185,C0947,2026-02-20,199,subscription,successful
T001186,C0947,2026-03-20,199,subscription,successful
T001187,C0947,2026-04-20,199,subscription,successful
T001188,C0949,2026-03-14,49,subscription,successful
T001189,C0949,2026-04-14,49,subscription,successful
T001190,C0950,2026-03-26,49,subscription,successful
T001191,C0950,2026-04-26,49,subscription,successful
T001192,C0951,2026-01-04,49,subscription,successful
T001193,C0951,2026-02-04,49,subscription,successful
T001194,C0951,2026-03-04,49,subscription,successful
T001195,C0951,2026-04-04,49,subscription,successful
T001196,C0953,2026-03-24,199,subscription,successful
T001197,C0953,2026-04-24,199,subscription,successful
T001198,C0954,2026-02-24,49,subscription,successful
T001199,C0954,2026-03-24,49,subscription,successful
T001200,C0954,2026-04-24,49,subscription,successful
T001201,C0958,2026-01-24,49,subscription,successful
T001202,C0958,2026-02-24,49,subscription,successful
T001203,C0958,2026-03-24,49,subscription,successful
T001204,C0958,2026-04-24,49,subscription,successful
T001205,C0959,2026-01-07,49,subscription,successful
T001206,C0959,2026-02-07,49,subscription,successful
T001207,C0959,2026-03-07,49,subscription,successful
T001208,C0959,2026-04-07,49,subscription,successful
T001209,C0960,2026-02-03,199,subscription,successful
T001210,C0960,2026-03-03,199,subscription,successful
T001211,C0960,2026-04-03,199,subscription,successful
T001212,C0962,2026-02-11,199,subscription,successful
T001213,C0962,2026-03-11,199,subscription,successful
T001214,C0962,2026-04-11,199,subscription,successful
T001215,C0963,2026-01-28,49,subscription,successful
T001216,C0963,2026-02-28,49,subscription,successful
T001217,C0963,2026-03-28,49,subscription,successful
T001218,C0963,2026-04-28,49,subscription,successful
T001219,C0964,2026-02-28,49,subscription,successful
T001220,C0964,2026-03-28,49,subscription,successful
T001221,C0964,2026-04-28,49,subscription,successful
T001222,C0965,2026-02-11,49,subscription,successful
T001223,C0965,2026-03-11,49,subscription,successful
T001224,C0965,2026-04-11,49,subscription,successful
T001225,C0967,2026-04-08,49,subscription,successful
T001226,C0971,2026-04-07,49,subscription,successful
T001227,C0972,2026-04-17,49,subscription,successful
T001228,C0974,2026-02-02,199,subscription,successful
T001229,C0974,2026-03-02,199,subscription,successful
T001230,C0974,2026-04-02,199,subscription,successful
T001231,C0976,2026-01-11,49,subscription,successful
T001232,C0976,2026-02-11,49,subscription,successful
T001233,C0976,2026-03-11,49,subscription,successful
T001234,C0976,2026-04-11,49,subscription,successful
T001235,C0977,2026-03-02,49,subscription,successful
T001236,C0977,2026-04-02,49,subscription,successful
T001237,C0978,2026-01-03,49,subscription,successful
T001238,C0978,2026-02-03,49,subscription,successful
T001239,C0978,2026-03-03,49,subscription,successful
T001240,C0978,2026-04-03,49,subscription,successful
T001241,C0979,2026-04-06,49,subscription,successful
T001242,C0981,2026-01-07,199,subscription,successful
T001243,C0981,2026-02-07,199,subscription,successful
T001244,C0981,2026-03-07,199,subscription,successful
T001245,C0981,2026-04-07,199,subscription,successful
T001246,C0982,2026-02-14,199,subscription,successful
T001247,C0982,2026-03-14,199,subscription,successful
T001248,C0982,2026-04-14,199,subscription,successful
T001249,C0986,2026-04-10,199,subscription,successful
T001250,C0987,2026-03-25,49,subscription,successful
T001251,C0987,2026-04-25,49,subscription,successful
T001252,C0988,2026-01-06,49,subscription,successful
T001253,C0988,2026-02-06,49,subscription,successful
T001254,C0988,2026-03-06,49,subscription,successful
T001255,C0988,2026-04-06,49,subscription,successful
T001256,C0989,2026-04-07,199,subscription,successful
T001257,C0990,2026-01-04,49,subscription,successful
T001258,C0990,2026-02-04,49,subscription,successful
T001259,C0990,2026-03-04,49,subscription,successful
T001260,C0990,2026-04-04,49,subscription,successful
T001261,C0991,2026-02-01,49,subscription,successful
T001262,C0991,2026-03-01,49,subscription,successful
T001263,C0991,2026-04-01,49,subscription,successful
T001264,C0992,2026-01-26,49,subscription,successful
T001265,C0992,2026-02-26,49,subscription,successful
T001266,C0992,2026-03-26,49,subscription,successful
T001267,C0992,2026-04-26,49,subscription,successful
T001268,C0994,2026-01-03,49,subscription,successful
T001269,C0994,2026-02-03,49,subscription,successful
T001270,C0994,2026-03-03,49,subscription,successful
T001271,C0994,2026-04-03,49,subscription,successful
T001272,C0996,2026-01-20,49,subscription,successful
T001273,C0996,2026-02-20,49,subscription,successful
T001274,C0996,2026-03-20,49,subscription,successful
T001275,C0996,2026-04-20,49,subscription,successful
T001276,C0997,2026-01-31,199,subscription,successful
T001277,C0997,2026-02-28,199,subscription,successful
T001278,C0997,2026-03-28,199,subscription,successful
T001279,C0997,2026-04-28,199,subscription,successful
T001280,C0998,2026-01-17,49,subscription,successful
T001281,C0998,2026-02-17,49,subscription,successful
T001282,C0998,2026-03-17,49,subscription,successful
T001283,C0998,2026-04-17,49,subscription,successful
